frame,max_speed_mps,max_joint_gap_m,sleeping
1,3.0504,0.0177,0
2,3.0902,0.0181,0
3,2.9882,0.0198,0
4,2.7268,0.0189,0
5,2.6241,0.0164,0
6,2.4896,0.0142,0
7,2.4337,0.0135,0
8,2.4899,0.0131,0
9,2.5599,0.0136,0
10,2.6332,0.0141,0
11,2.7074,0.0139,0
12,2.7872,0.0137,0
13,2.8871,0.0136,0
14,3.0225,0.0135,0
15,3.1371,0.0135,0
16,3.2906,0.0134,0
17,3.4567,0.0133,0
18,3.6377,0.0143,0
19,3.8329,0.0150,0
20,4.0358,0.0155,0
21,4.9195,0.0178,0
22,5.2545,0.0207,0
23,4.8865,0.0213,0
24,4.8371,0.0217,0
25,5.1602,0.0191,0
26,5.4449,0.0163,0
27,5.6645,0.0149,0
28,5.9192,0.0138,0
29,6.1652,0.0145,0
30,6.3964,0.0144,0
31,6.6044,0.0140,0
32,6.7705,0.0163,0
33,6.8660,0.0184,0
34,6.8747,0.0204,0
35,6.7775,0.0226,0
36,6.2495,0.0490,0
37,6.6762,0.0517,0
38,5.5113,0.0368,0
39,4.6196,0.0459,0
40,4.3205,0.0420,0
41,4.0959,0.0481,0
42,3.6458,0.0460,0
43,2.9983,0.0451,0
44,2.0884,0.0440,0
45,2.0626,0.0448,0
46,2.0365,0.0442,0
47,2.0185,0.0423,0
48,2.0297,0.0402,0
49,2.0239,0.0398,0
50,2.1238,0.0388,0
51,2.1571,0.0376,0
52,2.2375,0.0359,0
53,2.3866,0.0351,0
54,2.5889,0.0344,0
55,2.8252,0.0329,0
56,3.1040,0.0310,0
57,3.1613,0.0297,0
58,3.1028,0.0282,0
59,3.0327,0.0279,0
60,2.7097,0.0277,0
61,2.5703,0.0274,0
62,2.4603,0.0254,0
63,2.3161,0.0240,0
64,2.1660,0.0231,0
65,2.1646,0.0212,0
66,2.3043,0.0216,0
67,2.3429,0.0202,0
68,2.4017,0.0231,0
69,2.5110,0.0218,0
70,2.6266,0.0249,0
71,2.7737,0.0233,0
72,2.8813,0.0268,0
73,2.9834,0.0243,0
74,3.0942,0.0295,0
75,3.1889,0.0270,0
76,3.2256,0.0329,0
77,2.6396,0.0297,0
78,1.6840,0.0362,0
79,1.3084,0.0310,0
80,1.2665,0.0379,0
81,1.2752,0.0328,0
82,1.3410,0.0380,0
83,1.4234,0.0334,0
84,0.6909,0.0380,0
85,0.7514,0.0345,0
86,0.7438,0.0372,0
87,0.7261,0.0353,0
88,0.7084,0.0351,0
89,0.6884,0.0338,0
90,0.6161,0.0332,0
91,0.5560,0.0314,0
92,0.4872,0.0305,0
93,0.4081,0.0291,0
94,0.3731,0.0283,0
95,0.3498,0.0274,0
96,0.3133,0.0265,0
97,0.3353,0.0257,0
98,0.3628,0.0250,0
99,0.3871,0.0245,0
100,0.3967,0.0237,0
101,0.3407,0.0240,0
102,0.3539,0.0243,0
103,0.3032,0.0245,0
104,0.2543,0.0247,0
105,0.3285,0.0249,0
106,0.3964,0.0251,0
107,0.4612,0.0252,0
108,0.5254,0.0254,0
109,0.5946,0.0255,0
110,0.6697,0.0256,0
111,0.7465,0.0257,0
112,0.7744,0.0258,0
113,0.4688,0.0259,0
114,0.4044,0.0260,0
115,0.3799,0.0260,0
116,0.3645,0.0261,0
117,0.2492,0.0261,0
118,0.1401,0.0262,0
119,0.1065,0.0262,0
120,0.1089,0.0262,0
121,0.1115,0.0262,0
122,0.1139,0.0262,0
123,0.1128,0.0261,0
124,0.1187,0.0261,0
125,0.1125,0.0261,0
126,0.1248,0.0261,0
127,0.1164,0.0261,0
128,0.1285,0.0262,0
129,0.1083,0.0262,0
130,0.1223,0.0262,0
131,0.0951,0.0263,0
132,0.1171,0.0263,0
133,0.0887,0.0263,0
134,0.1226,0.0263,0
135,0.0925,0.0263,0
136,0.1300,0.0262,0
137,0.0937,0.0262,0
138,0.1328,0.0261,0
139,0.0914,0.0261,0
140,0.1326,0.0261,0
141,0.0847,0.0260,0
142,0.1283,0.0260,0
143,0.0775,0.0260,0
144,0.1246,0.0260,0
145,0.0717,0.0259,0
146,0.1206,0.0259,0
147,0.0655,0.0259,0
148,0.1169,0.0259,0
149,0.0616,0.0259,0
150,0.1135,0.0259,0
151,0.0622,0.0258,0
152,0.1120,0.0258,0
153,0.0634,0.0258,0
154,0.1105,0.0257,0
155,0.0632,0.0257,0
156,0.1104,0.0257,0
157,0.0624,0.0256,0
158,0.1088,0.0256,0
159,0.0598,0.0256,0
160,0.1058,0.0256,0
161,0.0574,0.0255,0
162,0.1027,0.0255,0
163,0.0558,0.0255,0
164,0.0988,0.0255,0
165,0.0541,0.0254,0
166,0.0970,0.0254,0
167,0.0517,0.0254,0
168,0.0951,0.0254,0
169,0.0507,0.0253,0
170,0.0931,0.0253,0
171,0.0504,0.0253,0
172,0.0915,0.0253,0
173,0.0495,0.0252,0
174,0.0900,0.0252,0
175,0.0510,0.0252,0
176,0.0837,0.0252,0
177,0.0610,0.0253,0
178,0.0794,0.0253,0
179,0.0448,0.0254,0
180,0.0746,0.0253,0
181,0.0450,0.0253,0
182,0.0726,0.0252,0
183,0.0441,0.0252,0
184,0.0754,0.0252,0
185,0.0484,0.0252,0
186,0.0738,0.0252,0
187,0.0493,0.0251,0
188,0.0700,0.0251,0
189,0.0469,0.0251,0
190,0.0646,0.0251,0
191,0.0424,0.0251,0
192,0.0620,0.0251,0
193,0.0381,0.0251,0
194,0.0637,0.0251,0
195,0.0370,0.0250,0
196,0.0670,0.0250,0
197,0.0386,0.0250,0
198,0.0686,0.0250,0
199,0.0392,0.0250,0
200,0.0675,0.0250,0
201,0.0361,0.0249,0
202,0.0658,0.0249,0
203,0.0403,0.0249,0
204,0.0666,0.0249,0
205,0.0561,0.0249,0
206,0.0633,0.0249,0
207,0.0839,0.0249,0
208,0.0770,0.0249,0
209,0.0843,0.0249,0
210,0.1052,0.0250,0
211,0.1061,0.0251,0
212,0.1204,0.0251,0
213,0.1353,0.0253,0
214,0.1505,0.0254,0
215,0.1690,0.0253,0
216,0.1960,0.0255,0
217,0.2231,0.0259,0
218,0.1006,0.0263,0
219,0.0585,0.0264,0
220,0.0959,0.0265,0
221,0.0568,0.0266,0
222,0.0875,0.0265,0
223,0.0530,0.0266,0
224,0.0758,0.0266,0
225,0.0485,0.0266,0
226,0.0660,0.0266,0
227,0.0442,0.0266,0
228,0.0607,0.0266,0
229,0.0443,0.0265,0
230,0.0634,0.0264,0
231,0.0425,0.0264,0
232,0.0674,0.0264,0
233,0.0501,0.0263,0
234,0.0689,0.0263,0
235,0.0538,0.0263,0
236,0.0561,0.0263,0
237,0.0722,0.0263,0
238,0.0578,0.0263,0
239,0.0589,0.0262,0
240,0.0751,0.0262,0
241,0.0648,0.0262,0
242,0.0778,0.0262,0
243,0.0720,0.0261,0
244,0.0807,0.0261,0
245,0.0881,0.0262,0
246,0.0944,0.0262,0
247,0.0993,0.0262,0
248,0.1021,0.0263,0
249,0.1048,0.0263,0
250,0.1058,0.0263,0
251,0.1041,0.0263,0
252,0.0972,0.0263,0
253,0.0833,0.0264,0
254,0.0629,0.0264,0
255,0.0755,0.0263,0
256,0.0523,0.0262,0
257,0.0493,0.0262,0
258,0.0545,0.0262,0
259,0.0499,0.0262,0
260,0.0567,0.0262,0
261,0.0586,0.0261,0
262,0.0564,0.0261,0
263,0.0507,0.0261,0
264,0.0424,0.0261,0
265,0.0426,0.0261,0
266,0.0519,0.0261,0
267,0.0579,0.0261,0
268,0.0558,0.0260,0
269,0.0511,0.0260,0
270,0.0399,0.0260,0
271,0.0320,0.0260,0
272,0.0505,0.0260,0
273,0.0425,0.0260,0
274,0.0389,0.0260,0
275,0.0339,0.0260,0
276,0.0351,0.0260,0
277,0.0348,0.0260,0
278,0.0349,0.0260,0
279,0.0340,0.0260,0
280,0.0348,0.0261,0
281,0.0345,0.0261,0
282,0.0356,0.0261,0
283,0.0353,0.0260,0
284,0.0361,0.0260,0
285,0.0356,0.0260,0
286,0.0365,0.0260,0
287,0.0359,0.0260,0
288,0.0323,0.0260,0
289,0.0333,0.0260,0
290,0.0332,0.0260,0
291,0.0343,0.0260,0
292,0.0340,0.0260,0
293,0.0230,0.0260,0
294,0.0197,0.0260,0
295,0.0209,0.0259,0
296,0.0196,0.0259,0
297,0.0191,0.0259,0
298,0.0193,0.0259,0
299,0.0203,0.0259,0
300,0.0225,0.0258,0
